strategy,precision_macro,recall_macro,f1_macro
Zero-shot,0.25057585821830064,0.20385341377281857,0.16588446346066524
Few-shot,0.22162618104967732,0.2041663747076119,0.160892398747952
